[{"name":"htmlwidgets","version":"1.0","src":{"file":"\/home\/rstudio-user\/R\/x86_64-pc-linux-gnu-library\/3.4\/htmlwidgets\/www"},"meta":null,"script":"htmlwidgets.js","stylesheet":null,"head":null,"attachment":null,"package":null,"all_files":true},{"name":"vis","version":"4.20.1","src":{"file":"\/home\/rstudio-user\/R\/x86_64-pc-linux-gnu-library\/3.4\/visNetwork\/htmlwidgets\/lib\/vis"},"meta":null,"script":"vis.min.js","stylesheet":"vis.css","head":null,"attachment":null,"package":null,"all_files":true},{"name":"visNetwork-binding","version":"2.0.3","src":{"file":"\/home\/rstudio-user\/R\/x86_64-pc-linux-gnu-library\/3.4\/visNetwork\/htmlwidgets"},"meta":null,"script":"visNetwork.js","stylesheet":null,"head":null,"attachment":null,"package":null,"all_files":false}]
