{"chunk_definitions":[{"chunk_id":"cnv1nxy8r7svu","chunk_label":"load_packages","document_id":"5F57819B","expansion_state":0,"options":{"engine":"r","include":false,"label":"load_packages","message":false,"results":false,"warning":false},"row":16,"row_count":1,"visible":true},{"chunk_id":"cwt0mho6fcg3a","chunk_label":"create_ndf","document_id":"5F57819B","expansion_state":0,"options":{"engine":"r","label":"create_ndf"},"row":38,"row_count":1,"visible":true},{"chunk_id":"cbhb3757sbtsi","chunk_label":"render_graph_nodes","document_id":"5F57819B","expansion_state":0,"options":{"engine":"r","label":"render_graph_nodes"},"row":47,"row_count":1,"visible":true},{"chunk_id":"c22j6fw5r3jti","chunk_label":"get_node_count","document_id":"5F57819B","expansion_state":0,"options":{"engine":"r","label":"get_node_count"},"row":56,"row_count":1,"visible":true},{"chunk_id":"cxn912enyow3k","chunk_label":"get_node_ids","document_id":"5F57819B","expansion_state":0,"options":{"engine":"r","label":"get_node_ids"},"row":64,"row_count":1,"visible":true},{"chunk_id":"c9qlr8dddlgyo","chunk_label":"get_node_ids_with_in","document_id":"5F57819B","expansion_state":0,"options":{"engine":"r","label":"get_node_ids_with_in"},"row":72,"row_count":1,"visible":true},{"chunk_id":"c6h1f9320wa6n","chunk_label":"get_node_ids_with_or","document_id":"5F57819B","expansion_state":0,"options":{"engine":"r","label":"get_node_ids_with_or"},"row":80,"row_count":1,"visible":true},{"chunk_id":"cki9jd6k6evgn","chunk_label":"create_edf","document_id":"5F57819B","expansion_state":0,"options":{"engine":"r","label":"create_edf"},"row":103,"row_count":1,"visible":true},{"chunk_id":"cyue1pu1rpka7","chunk_label":"create_graph_ndf_edf","document_id":"5F57819B","expansion_state":0,"options":{"engine":"r","label":"create_graph_ndf_edf"},"row":118,"row_count":1,"visible":true},{"chunk_id":"cz46c0k8a4sd9","chunk_label":"get_edge_count","document_id":"5F57819B","expansion_state":0,"options":{"engine":"r","label":"get_edge_count"},"row":126,"row_count":1,"visible":true},{"chunk_id":"c5rpurg30urt5","chunk_label":"get_edge_count_with_rel","document_id":"5F57819B","expansion_state":0,"options":{"engine":"r","label":"get_edge_count_with_rel"},"row":143,"row_count":1,"visible":true},{"chunk_id":"cj73xxt5yj6t4","chunk_label":"get_edges_with_condition_vec","document_id":"5F57819B","expansion_state":0,"options":{"engine":"r","label":"get_edges_with_condition_vec"},"row":152,"row_count":1,"visible":true},{"chunk_id":"cs16q3sg5mvzd","chunk_label":"get_edges_with_condition_df","document_id":"5F57819B","expansion_state":0,"options":{"engine":"r","label":"get_edges_with_condition_df"},"row":160,"row_count":1,"visible":true},{"chunk_id":"cem73154cu1wd","chunk_label":"get_edges_with_condition_list","document_id":"5F57819B","expansion_state":0,"options":{"engine":"r","label":"get_edges_with_condition_list"},"row":168,"row_count":1,"visible":true}],"doc_write_time":1522947045}